Entry,Neighborhood,Latitude,Longitude,Lot Size,Finished Size,Sale Price,Year Built,Bathrooms,Bedrooms
1,Beltzhoover,40.41738,-80.006389,3000,1408," $38,464 ",1911,1,2
2,Homewood North,40.464311,-79.899545,2613,1218," $38,806 ",1900,2,4
3,Troy Hill,40.468966,-79.980845,2200,1174," $45,893 ",1900,1,2
4,Fine View,40.461488,-80.001624,5227,1632," $46,048 ",1900,1,3
5,Perry South,40.461021,-80.009406,1140,1008," $48,419 ",1900,1,1
6,Sheraden,40.457785,-80.052283,2500,1819," $48,918 ",1900,1,3
7,Arlington,40.417038,-79.970231,4000,1606," $48,919 ",1910,1,3
8,Beechview,40.409787,-80.020015,5240,2328," $49,469 ",1920,,0
9,Carrick,40.404466,-79.978397,8025,1200," $50,611 ",1914,1,3
10,Perry South,40.468852,-80.011054,3143,880," $51,132 ",1940,1,3
11,Central Northside,40.459549,-80.008864,756,1344," $51,996 ",1930,1.5,3
12,Marshall - Shadeland,40.468064,-80.026239,1928,1120," $52,565 ",1946,1,3
13,Beltzhoover,40.417179,-80.001238,2562,1855," $52,646 ",1910,1,2
14,Marshall - Shadeland,40.471365,-80.029767,3900,1360," $52,754 ",1920,1,2
15,Arlington,40.41537,-79.967994,5760,1731," $53,078 ",1918,,3
16,Overbrook,40.385938,-79.997298,4455,842," $53,590 ",1900,1,2
17,Marshall - Shadeland,40.473932,-80.025917,10693,952," $54,361 ",1891,1,2
18,Mount Washington,40.427185,-80.00945,2200,1152," $54,608 ",1880,2,2
19,Sheraden,40.454689,-80.049914,7405,1960," $55,001 ",1919,1,4
20,Spring Hill - City View,40.462044,-79.991242,2266,1696," $55,281 ",1900,2,4
21,Knoxville,40.409892,-79.994207,2945,1596," $55,542 ",1922,1,5
22,Sheraden,40.457386,-80.0503,2482,1663," $55,861 ",1900,2,4
23,Fine View,40.46433,-80.001017,2400,1796," $56,735 ",1913,2,3
24,Spring Hill - City View,40.464492,-79.991,7800,1246," $58,243 ",1900,2,2
25,Beechview,40.403473,-80.021036,3920,1152," $58,309 ",1927,1,3
26,Elliott,40.444145,-80.037856,2178,1454," $58,740 ",1910,1,3
27,Sheraden,40.456153,-80.05025,2500,1650," $58,802 ",1910,1,3
28,California-Kirkbride,40.46282,-80.026683,1545,1071," $58,817 ",1939,2,2
29,Spring Garden,40.46898,-79.985778,3223,1760," $59,032 ",1910,1,3
30,Duquesne Heights,40.435995,-80.025033,2700,920," $59,428 ",1955,1,2
31,Manchester,40.456362,-80.0234,1054,1816," $60,403 ",1900,1,3
32,Arlington,40.417009,-79.966531,7510,1986," $60,564 ",1890,2,3
33,Mount Washington,40.422617,-80.00802,3120,924," $61,483 ",1923,1,2
34,Marshall - Shadeland,40.474644,-80.025972,4500,1197," $61,658 ",1940,2,2
35,Southside Slopes,40.42027,-79.969517,1600,1202," $63,188 ",1900,1,2
36,Knoxville,40.411544,-79.996075,5215,1862," $64,137 ",1902,2,2
37,Lincoln Place,40.368206,-79.915657,4091,1296," $64,429 ",1896,,0
38,Beechview,40.413875,-80.017814,3000,1290," $65,762 ",1957,1,3
39,Fine View,40.462146,-80.002896,2760,2081," $66,931 ",1902,2,3
40,Perry South,40.460419,-80.012653,3232,1154," $67,157 ",1920,1.5,2
41,Bloomfield,40.463623,-79.955983,1300,952," $67,479 ",1900,1,2
42,Sheraden,40.454534,-80.052089,5000,1782," $67,612 ",1914,2,4
43,Perry North,40.482446,-80.010067,2063,968," $67,766 ",1936,1,2
44,Beechview,40.409737,-80.026236,3000,1100," $68,232 ",1957,1,3
45,Wind Gap,40.458994,-80.077679,5200,992," $68,596 ",1955,1,3
46,Carrick,40.399085,-79.985988,2546,2000," $68,801 ",1916,2.5,3
47,Carrick,40.391016,-79.983899,5200,1276," $68,918 ",1950,1.5,3
48,Mount Washington,40.423081,-80.001482,2500,1575," $69,049 ",1925,1,4
49,Beechview,40.414721,-80.024259,3450,1050," $69,462 ",1960,1,2
50,Overbrook,40.383482,-79.987301,3348,1276," $69,665 ",1927,1.5,3
51,Beechview,40.410336,-80.02345,3000,1065," $69,717 ",1921,1,2
52,Beechview,40.411025,-80.026845,3000,1176," $70,725 ",1960,2,3
53,Carrick,40.398104,-79.984087,4335,1944," $71,037 ",1924,2,3
54,Sheraden,40.452861,-80.061794,2650,2000," $71,059 ",1910,,0
55,Knoxville,40.416636,-79.996268,3750,2306," $71,839 ",1902,2,0
56,Brighton Heights,40.478868,-80.03913,3000,1890," $71,898 ",1910,2,2
57,Carrick,40.394766,-79.983036,4800,2069," $72,189 ",1922,1,3
58,Upper Lawrenceville,40.480632,-79.953487,1120,1172," $72,710 ",1900,1,2
59,Central Lawrenceville,40.470098,-79.959945,538,1456," $73,076 ",1890,2.5,3
60,Hazelwood,40.416862,-79.936862,2883,1024," $73,100 ",1921,1.5,2
61,Banksville,40.403059,-80.03927,6088,925," $73,298 ",1955,1,3
62,Perry South,40.468932,-80.017998,3771,1613," $73,377 ",1924,1,3
63,Lincoln Place,40.365908,-79.908193,4740,975," $74,146 ",1952,1.5,3
64,Hazelwood,40.405279,-79.941334,3450,2405," $74,366 ",1920,1,5
65,Carrick,40.391671,-79.981943,8805,1261," $74,659 ",1960,1.5,3
66,Carrick,40.400464,-79.987908,3332,1846," $74,980 ",1900,2,4
67,Morningside,40.484232,-79.928455,1600,1080," $75,480 ",1930,1,2
68,Carrick,40.397669,-79.990946,3920,1814," $75,788 ",1930,1,4
69,Bon Air,40.406943,-79.99904,6000,875," $76,357 ",1950,1,3
70,Brookline,40.393619,-80.013477,3600,864," $76,361 ",1925,1,2
71,Chartiers City,40.458423,-80.0706,8712,928," $76,989 ",1965,1,3
72,Bloomfield,40.463781,-79.956983,686,1076," $77,492 ",1935,1,3
73,Carrick,40.397266,-79.982162,6000,1924," $77,683 ",1955,2,3
74,Beechview,40.412774,-80.014979,3000,672," $77,802 ",1960,1,3
75,Mount Washington,40.423277,-79.998843,3750,2019," $78,097 ",1918,2,3
76,Lincoln Place,40.36608,-79.915112,4500,1352," $79,272 ",2001,2,3
77,Oakland,40.43442,-79.959809,565,1080," $79,392 ",1975,1,1
78,Lower Lawrenceville,40.462599,-79.959821,1088,1620," $79,675 ",1920,2,4
79,Bon Air,40.409127,-79.998624,4800,910," $79,772 ",1920,1,2
80,Troy Hill,40.456826,-79.990706,2178,1040," $80,367 ",1920,1.5,3
81,Beechview,40.408971,-80.025292,2500,1320," $80,394 ",1925,1,3
82,Lower Lawrenceville,40.463612,-79.958353,1940,1256," $80,758 ",1900,1,2
83,Mount Washington,40.424223,-80.000206,2613,1202," $81,241 ",1926,1,3
84,Mount Washington,40.431486,-80.011324,3244,960," $81,863 ",1915,1,2
85,Overbrook,40.376227,-79.99434,3920,1320," $82,900 ",1931,2.5,3
86,Brighton Heights,40.485134,-80.042823,4515,1224," $83,044 ",1954,2,3
87,Crafton Heights,40.451345,-80.057046,3000,1144," $83,092 ",1925,1,3
88,Crafton Heights,40.444173,-80.048529,6860,1504," $83,140 ",1920,1,3
89,Central Lawrenceville,40.469184,-79.955728,1000,1020," $83,293 ",1880,1,2
90,Brighton Heights,40.481564,-80.043324,9600,1574," $84,121 ",1925,2,3
91,Brookline,40.392566,-80.009166,3150,1392," $84,563 ",1920,2,2
92,Central Lawrenceville,40.47585,-79.960391,906,966," $84,591 ",1880,1,2
93,Elliott,40.440616,-80.042503,4704,2294," $84,683 ",1910,,0
94,East Allegheny,40.453358,-79.998909,804,1283," $86,082 ",1900,2,2
95,Chartiers City,40.455648,-80.072071,5500,1707," $86,719 ",1880,1,3
96,Crafton Heights,40.438532,-80.054635,4100,1776," $86,815 ",1920,1,3
97,Brookline,40.391293,-80.024163,3600,1218," $87,001 ",1928,1,3
98,Westwood,40.429979,-80.048167,5000,1008," $87,434 ",1941,1,2
99,Beechview,40.412564,-80.024569,3450,2360," $88,468 ",1920,2,5
100,Brookline,40.404988,-80.017461,5336,1000," $89,406 ",1961,1.5,3
101,Perry South,40.465988,-80.006487,5250,2534," $89,616 ",1900,3,3
102,Carrick,40.385847,-79.982304,4510,1276," $89,622 ",1950,1,3
103,Marshall - Shadeland,40.474984,-80.030128,1815,3220," $90,233 ",1881,2,5
104,Beechview,40.405093,-80.026685,2912,1969," $90,873 ",1932,2,4
105,North Oakland,40.448194,-79.950992,744,744," $91,275 ",1940,1,0
106,Mount Washington,40.420584,-80.010436,4777,1528," $91,360 ",1890,2,3
107,Brookline,40.390969,-80.022174,3600,1303," $91,617 ",1924,1,3
108,Beechview,40.415688,-80.025289,3000,2404," $91,989 ",1930,,0
109,Oakwood,40.429366,-80.064529,12320,1266," $92,392 ",1958,2.5,4
110,Elliott,40.437924,-80.0411,5060,2109," $92,410 ",1944,2,3
111,Upper Hill,40.454852,-79.961604,8254,2628," $92,410 ",1920,3,5
112,Carrick,40.382951,-79.984862,7320,2156," $92,528 ",1925,1,3
113,Upper Lawrenceville,40.478293,-79.952128,3000,1596," $93,709 ",1900,2.5,4
114,Brookline,40.393676,-80.023609,3600,1144," $95,775 ",1948,1,3
115,East Allegheny,40.45735,-80.001661,1350,2360," $96,015 ",1905,2,4
116,Brookline,40.398771,-80.023591,4000,1232," $96,356 ",1945,2,3
117,Overbrook,40.389872,-79.994414,3750,1144," $96,768 ",1926,2,3
118,Brookline,40.396543,-80.022646,3522,1064," $97,616 ",1935,1,2
119,Perry North,40.493588,-80.023064,4067,1700," $97,872 ",1930,1.5,3
120,Carrick,40.393166,-79.978774,17520,1288," $98,325 ",1960,1.5,3
121,Overbrook,40.378071,-79.996274,7000,1238," $98,408 ",1942,1.5,3
122,Mount Washington,40.434903,-80.015633,2880,1020," $99,051 ",1925,1,3
123,Greenfield,40.42082,-79.932993,1713,1180," $99,227 ",1927,1,3
124,Brookline,40.385077,-80.012179,7500,1094," $99,622 ",1940,1.5,4
125,Wind Gap,40.46046,-80.07491,6000,1194," $100,393 ",1955,1,2
126,Brookline,40.393633,-80.009575,4444,1242," $101,689 ",1955,1.5,2
127,Mount Washington,40.429635,-80.01244,2236,844," $101,744 ",1910,1.5,2
128,Southside Slopes,40.423472,-79.978519,2160,1956," $102,443 ",1900,2,3
129,Oakland,40.433368,-79.956207,1640,3052," $102,520 ",1900,,0
130,Brighton Heights,40.479649,-80.033719,6146,1628," $102,746 ",1930,2,3
131,Southside Slopes,40.423286,-79.969332,1600,1160," $103,037 ",1900,3,3
132,Greenfield,40.422094,-79.930624,2250,936," $104,929 ",1964,1.5,2
133,Brookline,40.392473,-80.011648,3150,1860," $105,006 ",1925,2,3
134,Brookline,40.400082,-80.01511,3000,1485," $105,975 ",1935,2,3
135,Mount Washington,40.433564,-80.012606,2800,1200," $107,069 ",1905,1,3
136,East Liberty,40.469034,-79.925865,3240,2210," $107,684 ",1910,3,5
137,Avalon,40.506752,-80.068318,6000,1139," $108,550 ",1935,1,2
138,Hazelwood,40.416287,-79.941649,3049,1500," $110,301 ",1900,1,3
139,Banksville,40.409284,-80.038539,6534,950," $110,534 ",1954,1.5,2
140,Brighton Heights,40.482571,-80.044992,5003,1698," $110,586 ",1930,2,5
141,Carrick,40.388902,-79.973298,7140,936," $110,867 ",1954,2,3
142,Brighton Heights,40.47807,-80.038319,2000,2802," $111,262 ",1900,3,4
143,Brookline,40.39534,-80.015915,3600,2151," $111,927 ",1930,2,5
144,Brighton Heights,40.477613,-80.031866,5662,1622," $112,143 ",1958,2.5,3
145,North Oakland,40.448587,-79.948465,966,966," $113,303 ",1972,1,1
146,Overbrook,40.382514,-79.999301,5063,1276," $113,462 ",1972,1.5,4
147,Beechview,40.423227,-80.025099,6271,1200," $114,568 ",1950,2,3
148,Oakland,40.428859,-79.953454,1600,1077," $114,928 ",1978,2,4
149,Greenfield,40.427566,-79.930353,2296,1218," $115,018 ",1931,1,2
150,Perry North,40.494641,-80.023019,5600,1716," $115,109 ",1930,1.5,3
151,Brookline,40.400107,-80.015978,3000,1336," $117,141 ",1917,1,3
152,Shadyside,40.451382,-79.926439,594,594," $117,694 ",1968,1,1
153,Garfield,40.465478,-79.936843,2921,1600," $118,184 ",1925,2,4
154,Greenfield,40.424562,-79.940058,2548,848," $118,708 ",1931,1,2
155,Southside Flats,40.426984,-79.969326,2400,918," $121,348 ",1900,1,3
156,Duquesne Heights,40.431273,-80.02147,3975,1196," $121,580 ",1941,1,3
157,Wind Gap,40.458446,-80.07361,8900,1423," $121,961 ",1950,2,4
158,Brighton Heights,40.480556,-80.037841,7400,2000," $121,997 ",1921,3,5
159,Upper Lawrenceville,40.482588,-79.950557,1742,1918," $123,834 ",1900,2,3
160,Central Lawrenceville,40.474345,-79.960679,700,1200," $124,163 ",1898,2,2
161,Brookline,40.389729,-80.021292,3600,1623," $124,457 ",1920,2,3
162,Stanton Heights,40.482775,-79.936411,3600,966," $124,458 ",1930,1,3
163,Highland Park,40.469534,-79.912671,2805,1080," $124,786 ",1925,1,3
164,Central Northside,40.456776,-80.013623,1190,1284," $124,952 ",1880,1,2
165,Brookline,40.388818,-80.009699,4800,1536," $127,925 ",1930,1,3
166,Westwood,40.434719,-80.048139,4680,1150," $128,427 ",1955,1.5,4
167,Central Business District,40.442715,-80.006935,1110,647," $129,011 ",1964,1,1
168,Morningside,40.474361,-79.931091,4004,1643," $129,446 ",1919,1,3
169,Shadyside,40.452554,-79.941938,848,848," $129,878 ",1969,1,1
170,Southside Slopes,40.42468,-79.981669,2000,882," $131,901 ",1900,1.5,2
171,Brighton Heights,40.485021,-80.040599,4488,1740," $131,979 ",1929,1,3
172,East Liberty,40.468206,-79.92329,3100,2597," $132,205 ",1900,3.5,5
173,Banksville,40.408766,-80.036375,6720,955," $132,714 ",1957,1.5,3
174,Stanton Heights,40.483383,-79.939831,3000,1204," $133,414 ",1940,2,3
175,Perry North,40.476236,-80.015245,4919,1776," $134,283 ",1925,1,3
176,Brookline,40.394727,-80.020834,3600,2560," $134,315 ",1930,1,3
177,Brookline,40.401167,-80.01421,6000,2063," $135,550 ",1940,2.5,4
178,Brighton Heights,40.480534,-80.040151,4913,3007," $137,006 ",1901,3,4
179,Brookline,40.393804,-80.017323,3300,2184," $138,313 ",1929,1,4
180,Crafton Heights,40.441605,-80.048845,6095,1244," $138,824 ",1966,2.5,3
181,Westwood,40.428244,-80.047077,10000,1540," $139,585 ",1935,3,3
182,Brookline,40.406316,-80.008618,11280,1260," $140,367 ",1961,2,3
183,Brookline,40.393451,-80.025286,5311,2109," $145,700 ",1918,2,4
184,Greenfield,40.427528,-79.935863,4539,968," $145,893 ",1950,1,2
185,Brookline,40.399818,-80.018485,4200,1626," $147,647 ",1925,3,3
186,North Oakland,40.448104,-79.950938,1557,1557," $148,271 ",1940,1,2
187,Banksville,40.409408,-80.037098,6240,1315," $149,165 ",1960,2,4
188,Swisshelm Park,40.41927,-79.900443,3840,1239," $149,706 ",1920,2,2
189,Central Lawrenceville,40.469021,-79.956023,2160,2848," $151,037 ",1900,2,3
190,Shadyside,40.453201,-79.925623,725,722," $151,218 ",1898,1,1
191,Highland Park,40.475422,-79.918561,2173,1504," $151,597 ",1930,1.5,3
192,Greenfield,40.423811,-79.944159,2444,1452," $152,381 ",1922,2,4
193,Southside Flats,40.427141,-79.978247,1200,1028," $153,546 ",1900,1,2
194,Central Business District,40.439298,-79.992824,938,938," $154,068 ",1967,1.5,1
195,Stanton Heights,40.482821,-79.934736,4122,1188," $154,459 ",1960,1,3
196,Greenfield,40.420736,-79.938974,4081,1109," $154,752 ",1949,2,3
197,Greenfield,40.425641,-79.927079,3294,1891," $155,117 ",1915,,0
198,Duquesne Heights,40.436148,-80.023076,3000,1408," $155,622 ",1927,3.5,3
199,East Liberty,40.469462,-79.922702,2333,2612," $155,844 ",1886,2.5,4
200,Mount Washington,40.433699,-80.012039,1507,1382," $156,099 ",1985,2,2
201,Stanton Heights,40.486583,-79.930602,3733,1680," $156,523 ",1951,2,4
202,Swisshelm Park,40.422373,-79.898707,7200,1650," $156,543 ",1900,1.5,2
203,Morningside,40.477984,-79.931503,4000,1740," $156,856 ",1928,2,3
204,Banksville,40.407275,-80.043166,7200,1784," $157,916 ",1955,2,4
205,Mount Washington,40.434597,-80.017197,5067,2004," $158,074 ",1930,1.5,3
206,Stanton Heights,40.476415,-79.932045,5280,1502," $160,058 ",1950,2,5
207,Banksville,40.415886,-80.041491,8917,1662," $160,575 ",1972,2.5,3
208,Stanton Heights,40.483301,-79.936535,4848,1288," $162,448 ",1932,1,3
209,East Liberty,40.469254,-79.92523,3929,3091," $164,811 ",1929,2,5
210,Greenfield,40.426781,-79.941848,3600,1431," $166,540 ",1950,2.5,3
211,Greenfield,40.426999,-79.936718,3238,1480," $166,937 ",1955,2.5,3
212,Banksville,40.401063,-80.044682,8754,1671," $167,905 ",1954,2,3
213,Stanton Heights,40.478906,-79.945448,4284,1330," $168,204 ",1954,1.5,3
214,Central Northside,40.456574,-80.013206,950,1476," $172,233 ",1912,2,3
215,Highland Park,40.472675,-79.923133,3880,2464," $173,349 ",1920,3,6
216,Central Business District,40.44269,-80.006717,1033,1033," $174,061 ",1964,1,1
217,Duquesne Heights,40.431001,-80.021927,11646,1920," $177,001 ",2005,3.5,3
218,Stanton Heights,40.481651,-79.935914,3850,1720," $177,044 ",1940,2,3
219,Morningside,40.481762,-79.930285,3300,1600," $177,549 ",1925,2,4
220,Southside Flats,40.42886,-79.971986,833,1092," $180,757 ",1900,2,3
221,Central Business District,40.442273,-80.006947,716,1032," $181,107 ",1964,1,1
222,Southside Flats,40.428257,-79.978984,673,1148," $181,353 ",1900,3,3
223,Central Lawrenceville,40.476674,-79.958214,651,832," $181,908 ",1911,1,2
224,Upper Hill,40.450913,-79.957054,4417,2296," $181,908 ",1925,2,3
225,Hazelwood,40.417924,-79.941115,5160,1260," $185,636 ",1957,2,3
226,Banksville,40.408036,-80.044886,6000,1764," $187,150 ",1963,2.5,4
227,Brighton Heights,40.487702,-80.030126,8721,2123," $187,243 ",1900,3.5,3
228,Southside Slopes,40.424783,-79.985837,6534,1440," $190,630 ",1848,2,3
229,Morningside,40.485963,-79.923371,2900,1500," $191,055 ",1916,2,4
230,Hazelwood,40.418077,-79.939311,4300,1440," $192,131 ",1960,2,3
231,Morningside,40.481406,-79.929801,3200,1920," $192,790 ",1940,1.5,3
232,Squirrel Hill South,40.433138,-79.926194,1100,1100," $204,423 ",1975,2,2
233,Shadyside,40.454016,-79.926999,1030,1082," $204,598 ",1935,2,2
234,Mount Washington,40.428768,-80.013848,3005,1488," $206,805 ",2005,2.5,3
235,Central Lawrenceville,40.471306,-79.958516,1819,1911," $207,468 ",1900,2.5,2
236,North Oakland,40.44961,-79.951643,1473,1473," $208,442 ",1972,2,2
237,Point Breeze North,40.449139,-79.900415,4520,2025," $211,575 ",1930,1.5,4
238,Squirrel Hill South,40.421516,-79.920861,9012,1053," $215,150 ",1955,2.5,3
239,North Oakland,40.448247,-79.951144,2045,2045," $215,495 ",1940,2.5,3
240,Mount Washington,40.435448,-80.015025,2880,2103," $215,845 ",1910,,0
241,Shadyside,40.451541,-79.926275,1270,1270," $215,872 ",1968,2,2
242,Highland Park,40.470528,-79.92264,5720,3400," $217,399 ",1883,2.5,7
243,Southside Flats,40.430297,-79.980018,2400,1232," $218,318 ",1890,2,2
244,Oakland,40.432552,-79.953288,2799,2540," $219,032 ",1900,2,5
245,Mount Washington,40.430634,-80.014175,5201,2277," $220,471 ",1880,3.5,4
246,Duquesne Heights,40.434176,-80.018515,2670,1536," $220,528 ",2007,2.5,3
247,North Oakland,40.449658,-79.951615,1607,1607," $225,072 ",1973,2,2
248,Southside Flats,40.430701,-79.979665,945,1130," $231,494 ",1900,2,3
249,Squirrel Hill South,40.427102,-79.921921,4100,1697," $231,613 ",1928,1.5,3
250,Southside Flats,40.428295,-79.97898,743,1644," $232,781 ",1900,2,4
251,Central Lawrenceville,40.466892,-79.95735,3452,3024," $234,977 ",1910,2.5,4
252,Point Breeze North,40.452481,-79.905757,3943,1800," $235,048 ",1964,2,3
253,Bloomfield,40.464817,-79.944038,930,1515," $236,655 ",2009,1.5,1
254,Point Breeze,40.441908,-79.894637,5000,2372," $244,483 ",1875,1.5,3
255,Bloomfield,40.458371,-79.940568,4119,2176," $247,770 ",1936,1.5,4
256,Point Breeze,40.446212,-79.906807,5250,1312," $251,975 ",1925,1,3
257,Squirrel Hill South,40.424344,-79.922691,6093,1711," $256,991 ",1930,1.5,3
258,Squirrel Hill South,40.424622,-79.925217,4170,1488," $258,197 ",1925,2,4
259,Squirrel Hill South,40.4312,-79.916806,2500,2003," $264,453 ",1920,,0
260,Manchester,40.454909,-80.026269,3049,3392," $266,121 ",1900,3.5,4
261,Point Breeze,40.447627,-79.916593,2304,1594," $266,199 ",1900,1.5,3
262,Southside Flats,40.426386,-79.973466,1440,2166," $269,235 ",1900,2.5,3
263,Squirrel Hill South,40.422988,-79.925707,1646,1694," $277,092 ",1978,1.5,3
264,Point Breeze,40.448699,-79.915604,2400,1640," $282,752 ",1897,1.5,4
265,Southside Flats,40.425542,-79.97472,1230,1535," $283,766 ",1950,1,1
266,Southside Flats,40.425581,-79.974543,1135,1600," $285,804 ",2001,2,1
267,Southside Flats,40.43005,-79.981325,1200,2084," $287,110 ",1900,1.5,3
268,Bloomfield,40.456745,-79.950363,1568,1748," $287,114 ",1995,1.5,3
269,Squirrel Hill South,40.423826,-79.918208,4000,1816," $293,168 ",1940,1.5,4
270,North Oakland,40.449056,-79.948428,1910,1910," $293,618 ",1973,2,2
271,Squirrel Hill South,40.433077,-79.919559,4350,2407," $297,718 ",1910,4,5
272,Squirrel Hill South,40.431766,-79.921158,3504,2699," $298,980 ",1916,3,4
273,Point Breeze,40.44546,-79.906115,2500,1820," $301,493 ",1915,1.5,4
274,Squirrel Hill South,40.427377,-79.920715,7500,1976," $304,575 ",1925,4,4
275,Point Breeze,40.449547,-79.914849,2700,1743," $310,121 ",1910,1.5,5
276,Shadyside,40.455309,-79.937307,2600,2205," $310,579 ",1905,2.5,4
277,Squirrel Hill South,40.436278,-79.913159,6461,2350," $313,883 ",1930,3,5
278,Swisshelm Park,40.422888,-79.902697,6900,1948," $315,957 ",1952,2.5,4
279,Southside Flats,40.428121,-79.981948,1440,2640," $318,561 ",1900,1,2
280,Shadyside,40.455761,-79.927896,2492,1753," $323,752 ",1900,1.5,3
281,Swisshelm Park,40.422517,-79.902235,12600,2011," $327,139 ",1951,2,4
282,Squirrel Hill South,40.434173,-79.929494,4125,2138," $331,714 ",1930,2,5
283,Shadyside,40.452696,-79.925589,1402,1402," $333,747 ",1890,2,2
284,Shadyside,40.455936,-79.934722,1308,1308," $334,065 ",2006,2,2
285,Central Northside,40.458108,-80.012692,1960,2080," $336,005 ",1880,2.5,4
286,Mount Washington,40.429335,-80.001514,7463,1586," $337,697 ",1899,3,3
287,Squirrel Hill South,40.423895,-79.919199,10653,1856," $340,523 ",1949,2,4
288,Bloomfield,40.462076,-79.936933,3999,2975," $340,625 ",1904,3,6
289,Mount Washington,40.428614,-79.997824,4140,3225," $341,994 ",1880,2.5,6
290,Duquesne Heights,40.440977,-80.024997,1411,1411," $347,581 ",1817,2,2
291,Point Breeze,40.450723,-79.914273,2616,1620," $348,563 ",1908,2.5,3
292,Squirrel Hill North,40.444356,-79.930092,6645,1944," $349,438 ",1927,2.5,4
293,Point Breeze North,40.451774,-79.903416,8371,3921," $350,767 ",1911,5,7
294,Bloomfield,40.461797,-79.941318,3638,2910," $357,177 ",1890,3.5,4
295,Squirrel Hill South,40.419393,-79.925742,7651,2608," $359,080 ",1957,4,5
296,Point Breeze,40.453125,-79.911706,6000,1939," $359,139 ",1938,3.5,4
297,Bloomfield,40.460181,-79.939587,8000,4763," $368,697 ",1894,,0
298,Southside Flats,40.429698,-79.977926,5000,2400," $376,314 ",1862,2,3
299,Mount Washington,40.427142,-80.002885,2066,2243," $378,357 ",1950,2.5,4
300,Squirrel Hill North,40.44073,-79.921017,2053,1824," $379,375 ",1961,3.5,3
301,Shadyside,40.455004,-79.926158,3000,2004," $381,840 ",1910,2,2
302,Squirrel Hill North,40.449846,-79.927995,2584,2584," $384,529 ",1980,2,3
303,Squirrel Hill South,40.43206,-79.914769,8250,2125," $384,878 ",1918,1.5,3
304,Squirrel Hill North,40.440574,-79.925758,1250,2127," $385,374 ",1985,3.5,3
305,Highland Park,40.472206,-79.919093,4207,2470," $388,089 ",1935,4,4
306,Squirrel Hill North,40.438222,-79.91676,3632,2052," $389,131 ",1948,2.5,4
307,Southside Flats,40.431475,-79.981966,821,1720," $393,579 ",1999,2.5,2
308,Point Breeze,40.448937,-79.904381,6400,2550," $396,904 ",1945,2,4
309,Southside Flats,40.427716,-79.972614,1151,2644," $398,625 ",1900,3,3
310,Highland Park,40.47134,-79.919894,5740,2813," $398,830 ",1910,3,6
311,Squirrel Hill South,40.418699,-79.917721,3729,1742," $400,775 ",2008,2.5,3
312,Shadyside,40.451899,-79.933525,2650,1600," $402,676 ",1910,3.5,4
313,Shadyside,40.447937,-79.94515,2451,1600," $424,743 ",1978,3,4
314,Shadyside,40.455341,-79.936066,2776,2256," $424,989 ",1900,2.5,4
315,Central Business District,40.44091,-79.999633,1054,1054," $426,551 ",2008,1,1
316,Shadyside,40.450594,-79.948559,5624,1920," $426,774 ",1971,2.5,3
317,Highland Park,40.476168,-79.925778,7950,4114," $434,728 ",1920,3.5,6
318,Shadyside,40.453979,-79.932801,1667,2018," $441,320 ",1910,2,2
319,East Liberty,40.470523,-79.924407,13446,6000," $469,601 ",1915,6,9
320,Squirrel Hill North,40.451572,-79.924043,1480,1560," $472,478 ",1987,2.5,2
321,Squirrel Hill South,40.435904,-79.912567,5251,2352," $476,264 ",1920,3,5
322,Point Breeze,40.448373,-79.904706,4460,2460," $476,583 ",1963,3,4
323,Squirrel Hill South,40.420497,-79.915708,3279,1964," $487,287 ",2004,2.5,3
324,Central Business District,40.44091,-79.999633,1284,1284," $487,494 ",2009,2,2
325,Shadyside,40.455575,-79.924935,5250,2561," $492,392 ",1900,2.5,3
326,Squirrel Hill South,40.423259,-79.912542,3484,2276," $496,453 ",2002,2.5,3
327,Shadyside,40.45666,-79.926665,4438,2592," $504,764 ",1910,3.5,4
328,Squirrel Hill North,40.441579,-79.924301,4899,2919," $512,289 ",1907,3.5,5
329,Highland Park,40.477413,-79.917234,7700,3190," $513,518 ",1956,4,4
330,Point Breeze,40.447842,-79.899453,11565,2906," $537,286 ",1915,3.5,5
331,Squirrel Hill North,40.440994,-79.922326,4900,2657," $540,766 ",1912,2.5,5
332,Mount Washington,40.431489,-80.007279,2130,2130," $566,075 ",1978,2,2
333,Squirrel Hill North,40.440204,-79.936743,1965,2128," $582,828 ",1982,3,3
334,Squirrel Hill South,40.421781,-79.915952,9615,2974," $595,584 ",1994,3.5,3
335,North Oakland,40.448255,-79.957411,6921,2876," $596,761 ",1930,3.5,5
336,Mount Washington,40.431506,-80.007128,2130,2130," $601,986 ",1978,2.5,3
337,North Oakland,40.448348,-79.957284,6711,2888," $603,294 ",1925,3,5
338,Squirrel Hill North,40.451202,-79.92411,1833,2228," $607,730 ",1991,3,2
339,Shadyside,40.450918,-79.941749,7266,2500," $613,947 ",1927,3,3
340,Squirrel Hill North,40.439745,-79.937823,3604,2204," $630,535 ",1985,2.5,3
341,Squirrel Hill North,40.439388,-79.931658,8712,2115," $634,679 ",1960,3,3
342,Shadyside,40.453052,-79.929389,4500,2402," $637,603 ",1903,2.5,4
343,Squirrel Hill North,40.445385,-79.938386,12707,2463," $638,659 ",1950,4,4
344,Shadyside,40.450166,-79.933022,2424,3441," $639,367 ",1920,3,4
345,Herrs Island,40.461989,-79.978746,2875,2410," $648,130 ",1999,4,4
346,Shadyside,40.45122,-79.931299,4869,3054," $655,560 ",1913,3.5,4
347,Squirrel Hill North,40.441768,-79.926799,5640,4336," $660,021 ",1902,3.5,7
348,Shadyside,40.452507,-79.939056,4360,2637," $671,537 ",1925,4,4
349,Point Breeze,40.450376,-79.919817,8250,2888," $703,147 ",1958,2.5,2
350,Point Breeze,40.448486,-79.912147,11900,3738," $741,845 ",1934,4,5
351,Shadyside,40.450357,-79.943666,11250,3167," $746,576 ",1955,4,5
352,Squirrel Hill South,40.418755,-79.920481,5298,3392," $749,699 ",2013,3.5,5
353,Shadyside,40.451782,-79.936567,6805,3996," $790,269 ",1895,2.5,4
354,Mount Washington,40.43629,-80.014724,2444,2444," $802,340 ",1980,4.5,3
355,Squirrel Hill North,40.440936,-79.932757,100,4210," $878,071 ",1913,3.5,6
356,Shadyside,40.454071,-79.932531,6997,4585," $916,741 ",1911,3.5,4
357,Squirrel Hill North,40.442412,-79.932916,14000,5452," $952,321 ",1920,5,7
358,Squirrel Hill North,40.450451,-79.921792,12065,5363," $985,002 ",1942,5.5,5